"","Period","Emission","Q2_5","Q97_5","U_inf","U_sup"
"2.5%","FREL",15032601.2562745,11077285.08,19475613.077,26.3,29.6
"2.5%1","CP",13343092.0196634,9601246.555,17625968.408,28,32.1
"2.5%2","ER",1689509.23661112,-734471.287,4289446.908,143.5,153.9
