"","Period","Emission","Q2_5","Q97_5","U_Def_inf","U_Def_sup"
"2.5%","FREL",15029112.5515437,11066326.264,19524082.633,26.4,29.9
"2.5%1","CP",13344479.557355,9602548.553,17653576.446,28,32.3
"2.5%2","ER",1684632.99418871,-738836.911,4287917.089,143.9,154.5
